{
    "latent_dim": [
        32,
        32
    ],
    "hidden_dim": [
        256,
        256
    ],
    "n_layers": [
        2,
        2
    ],
    "activation": [
        "elu",
        "elu"
    ],
    "lr": [
        0.0014153166657866285,
        0.0014153166657866285
    ],
    "batch_size": [
        128,
        128
    ],
    "kl_weight": [
        0.2765579976596325,
        0.2765579976596325
    ]
}